year,mortgage_rate,existing_price,new_home_price,median_income,earner_income
1979,11.2,55700,62800,16460,12532
1980,13.74,62200,64800,17710,13624
1981,16.64,66400,69000,19070,14768
1982,16.04,67800,69200,20170,15704
1983,13.24,70300,75400,20890,16276
1984,13.88,72400,80000,22420,16952
1985,12.43,75500,84300,23620,17888
1986,10.19,80300,92000,24900,18668
1987,10.21,85600,104700,26060,19448
1988,10.34,89300,112200,27230,20020
1989,10.32,94000,120400,28910,20748
1990,10.13,96400,122300,29940,21424
1991,9.25,101400,120000,30130,22152
1992,8.39,104000,121400,30640,22880
1993,7.31,107200,126500,31240,23868
1994,8.38,111300,130400,32260,24284
1995,7.93,114600,133500,34080,24908
1996,7.81,119900,140200,35490,25480
1997,7.6,126000,145000,37010,26156
1998,6.94,132800,151900,38890,27196
1999,7.44,138000,160100,40700,28548
2000,8.05,143600,167600,41990,29952
2001,6.97,153100,173100,42230,30992
2002,6.54,165000,186000,42410,31616
2003,5.83,178800,192100,43320,32240
2004,5.84,195400,218200,44330,33176
2005,5.87,219600,236600,46330,33852
2006,6.41,221900,243800,48200,34892
2007,6.34,219000,245000,50230,36140
2008,6.03,198100,229600,50300,37544
2009,5.04,172500,215600,49780,38428
2010,4.69,172900,222700,49280,38844
2011,4.45,166100,224900,50050,39312
2012,3.66,176600,244400,51020,39936
2013,3.98,183500,266200,53590,40352
2014,4.17,193000,285800,53660,41132
2015,3.85,203300,294200,56520,42068
2016,3.65,214300,305100,59040,43264
2017,3.99,226300,322400,61140,44720
2018,4.54,239300,325300,63180,46072
2019,3.94,250900,320200,68700,47684
2020,3.11,264300,328200,68010,51168
2021,2.96,301200,383000,70780,51896
2022,5.34,351400,433000,74580,55068
2023,6.81,370200,426500,80610,58084
2024,6.72,391200,419000,83160,60268
2025,6.6,407000,415400,87460,62608
