account_id,account_name,plan,cohort,month,mrr,status
1,Northwind,Starter,2024-01,2024-01,49.00,active
1,Northwind,Starter,2024-01,2024-02,49.00,active
1,Northwind,Starter,2024-01,2024-03,0.00,churned
1,Northwind,Starter,2024-01,2024-04,0.00,Inactive
1,Northwind,Starter,2024-01,2024-05,0.00,Inactive
1,Northwind,Starter,2024-01,2024-06,0.00,Inactive
2,Brightpath,Growth,2024-01,2024-01,$149,ACTIVE
2,Brightpath,Growth,2024-01,2024-02,$149,ACTIVE
2,Brightpath,Growth,2024-01,2024-03,$149,ACTIVE
2,Brightpath,Growth,2024-01,2024-04,$149,ACTIVE
2,Brightpath,Growth,2024-01,2024-05,$149,ACTIVE
2,Brightpath,Growth,2024-01,2024-06,$149,ACTIVE
3,Helio,Scale,2024-01,2024-01,$499,Active
3,Helio,Scale,2024-01,2024-02,$499,Active
3,Helio,Scale,2024-01,2024-03,$499,Active
3,Helio,Scale,2024-01,2024-04,$499,Active
3,Helio,Scale,2024-01,2024-05,$499,Active
3,Helio,Scale,2024-01,2024-06,$499,Active
4,Lumen,starter,2024-01,2024-01,49.00,active
4,Lumen,starter,2024-01,2024-02,49.00,active
4,Lumen,starter,2024-01,2024-03,49.00,active
4,Lumen,starter,2024-01,2024-04,49.00,active
4,Lumen,starter,2024-01,2024-05,49.00,active
4,Lumen,starter,2024-01,2024-06,49.00,active
5,Orbit,Growth,2024-01,2024-01,$149,ACTIVE
5,Orbit,Growth,2024-01,2024-02,$149,ACTIVE
5,Orbit,Growth,2024-01,2024-03,$149,ACTIVE
5,Orbit,Growth,2024-01,2024-04,$149,ACTIVE
5,Orbit,Growth,2024-01,2024-05,$0,churned
5,Orbit,Growth,2024-01,2024-06,$0,Inactive
6,Pebble,SCALE,2024-01,2024-01,$499,Active
6,Pebble,SCALE,2024-01,2024-02,$499,Active
6,Pebble,SCALE,2024-01,2024-03,$499,Active
6,Pebble,SCALE,2024-01,2024-04,$698,Active
6,Pebble,SCALE,2024-01,2024-05,$698,Active
6,Pebble,SCALE,2024-01,2024-06,$698,Active
7,Quill,Starter,2024-02,2024-02,49.00,active
7,Quill,Starter,2024-02,2024-03,49.00,active
7,Quill,Starter,2024-02,2024-04,49.00,active
7,Quill,Starter,2024-02,2024-05,49.00,active
7,Quill,Starter,2024-02,2024-06,0.00,churned
8,Relay, growth ,2024-02,2024-02,$149,ACTIVE
8,Relay, growth ,2024-02,2024-03,$149,ACTIVE
8,Relay, growth ,2024-02,2024-04,$149,ACTIVE
8,Relay, growth ,2024-02,2024-05,$149,ACTIVE
8,Relay, growth ,2024-02,2024-06,$149,ACTIVE
9,Sable,Starter,2024-02,2024-02,$49,Active
9,Sable,Starter,2024-02,2024-03,$49,Active
9,Sable,Starter,2024-02,2024-04,$49,Active
9,Sable,Starter,2024-02,2024-05,$49,Active
9,Sable,Starter,2024-02,2024-06,$49,Active
10,Tide,Scale,2024-02,2024-02,499.00,active
10,Tide,Scale,2024-02,2024-03,499.00,active
10,Tide,Scale,2024-02,2024-04,499.00,active
10,Tide,Scale,2024-02,2024-05,499.00,active
10,Tide,Scale,2024-02,2024-06,499.00,active
11,Umber,Growth,2024-03,2024-03,$149,ACTIVE
11,Umber,Growth,2024-03,2024-04,$0,churned
11,Umber,Growth,2024-03,2024-05,$0,Inactive
11,Umber,Growth,2024-03,2024-06,$0,Inactive
12,Vivid,Starter,2024-03,2024-03,$49,Active
12,Vivid,Starter,2024-03,2024-04,$49,Active
12,Vivid,Starter,2024-03,2024-05,$49,Active
12,Vivid,Starter,2024-03,2024-06,$49,Active
13,Willow,GROWTH,2024-03,2024-03,149.00,active
13,Willow,GROWTH,2024-03,2024-04,149.00,active
13,Willow,GROWTH,2024-03,2024-05,149.00,active
13,Willow,GROWTH,2024-03,2024-06,149.00,active
14,Yarrow,Scale,2024-03,2024-03,$499,ACTIVE
14,Yarrow,Scale,2024-03,2024-04,$499,ACTIVE
14,Yarrow,Scale,2024-03,2024-05,$499,ACTIVE
14,Yarrow,Scale,2024-03,2024-06,$499,ACTIVE
15,Zephyr,Starter,2024-04,2024-04,$49,Active
15,Zephyr,Starter,2024-04,2024-05,$49,Active
15,Zephyr,Starter,2024-04,2024-06,$49,Active
16,Aster,Growth,2024-04,2024-04,149.00,active
16,Aster,Growth,2024-04,2024-05,149.00,active
16,Aster,Growth,2024-04,2024-06,149.00,active
17,Birch,starter,2024-04,2024-04,$49,ACTIVE
17,Birch,starter,2024-04,2024-05,$49,ACTIVE
17,Birch,starter,2024-04,2024-06,$49,ACTIVE
18,Cedar,Scale,2024-04,2024-04,$499,Active
18,Cedar,Scale,2024-04,2024-05,$499,Active
18,Cedar,Scale,2024-04,2024-06,$499,Active
1,Northwind,Starter,2024-01,2024-01,49.00,active
,Ghost,Starter,2024-01,2024-01,$49,Active
